-- phpMyAdmin SQL Dump
-- version 5.2.1
-- https://www.phpmyadmin.net/
--
-- Host: 127.0.0.1
-- Waktu pembuatan: 24 Sep 2023 pada 17.54
-- Versi server: 10.4.28-MariaDB
-- Versi PHP: 8.0.28

SET SQL_MODE = "NO_AUTO_VALUE_ON_ZERO";
START TRANSACTION;
SET time_zone = "+00:00";


/*!40101 SET @OLD_CHARACTER_SET_CLIENT=@@CHARACTER_SET_CLIENT */;
/*!40101 SET @OLD_CHARACTER_SET_RESULTS=@@CHARACTER_SET_RESULTS */;
/*!40101 SET @OLD_COLLATION_CONNECTION=@@COLLATION_CONNECTION */;
/*!40101 SET NAMES utf8mb4 */;

--
-- Database: `akademik`
--

-- --------------------------------------------------------

--
-- Struktur dari tabel `guru`
--

CREATE TABLE `guru` (
  `ID_Guru` int(10) NOT NULL,
  `NIP` int(30) NOT NULL,
  `Nama_Lengkap` varchar(124) NOT NULL,
  `Tempat_Lahir` varchar(124) NOT NULL,
  `Tanggal_Lahir` varchar(30) NOT NULL,
  `Jenis_Kelamin` varchar(25) NOT NULL,
  `Alamat` varchar(124) NOT NULL,
  `Pendidikan` varchar(124) NOT NULL,
  `Tanggal_Mulai` date NOT NULL
) ENGINE=InnoDB DEFAULT CHARSET=utf8mb4 COLLATE=utf8mb4_general_ci;

--
-- Dumping data untuk tabel `guru`
--

INSERT INTO `guru` (`ID_Guru`, `NIP`, `Nama_Lengkap`, `Tempat_Lahir`, `Tanggal_Lahir`, `Jenis_Kelamin`, `Alamat`, `Pendidikan`, `Tanggal_Mulai`) VALUES
(2, 34567, 'Rai', 'Bandung', '2001-12-21', 'Laki-Laki', 'Cimahi', 'Sarjana Kedokterana', '2020-09-30'),
(3, 62626, 'agus', 'cimahi', '2012-02-11', 'Laki-laki', 'bandung', 'sarjana', '2023-08-15'),
(4, 364547, 'Riri', 'Sumedang', '1998-07-02', 'Perempuan', 'Cibabat', 'Sarjana Pendidikan', '2020-08-31'),
(8, 1234567890, 'Raja D', 'cimahii', '2023-08-13', 'Laki-laki', 'cimahi', 'sarjana', '2023-08-14');

-- --------------------------------------------------------

--
-- Struktur dari tabel `jurusan`
--

CREATE TABLE `jurusan` (
  `kode_jurusan` varchar(10) NOT NULL,
  `nama_jurusan` varchar(100) NOT NULL
) ENGINE=InnoDB DEFAULT CHARSET=utf8mb4 COLLATE=utf8mb4_general_ci;

--
-- Dumping data untuk tabel `jurusan`
--

INSERT INTO `jurusan` (`kode_jurusan`, `nama_jurusan`) VALUES
('1', 'DKV'),
('2', 'Animasi');

-- --------------------------------------------------------

--
-- Struktur dari tabel `kelas`
--

CREATE TABLE `kelas` (
  `id_kelas` varchar(10) NOT NULL,
  `nama_kelas` varchar(50) NOT NULL,
  `kode_tingkatan` int(10) DEFAULT NULL,
  `kode_jurusan` varchar(10) DEFAULT NULL
) ENGINE=InnoDB DEFAULT CHARSET=utf8mb4 COLLATE=utf8mb4_general_ci;

--
-- Dumping data untuk tabel `kelas`
--

INSERT INTO `kelas` (`id_kelas`, `nama_kelas`, `kode_tingkatan`, `kode_jurusan`) VALUES
('10-1', '10-1 DKV', 10, '1'),
('10-1B', '10-1 AN', 10, '2'),
('10-2', '10-2 DKV', 10, '1'),
('10-2B', '10-2 AN', 10, '2'),
('11-1', 'XI-1', 11, '1'),
('11-2b', 'XI-2', 11, '1'),
('12-1', '12-1', 12, '1');

-- --------------------------------------------------------

--
-- Struktur dari tabel `kelola_kelas`
--

CREATE TABLE `kelola_kelas` (
  `id_kelola_kelas` int(10) NOT NULL,
  `id_tahun` int(11) DEFAULT NULL,
  `kode_jurusan` varchar(10) DEFAULT NULL,
  `kode_tingkatan` int(10) DEFAULT NULL,
  `id_kelas` varchar(10) DEFAULT NULL,
  `NISN` int(11) DEFAULT NULL
) ENGINE=InnoDB DEFAULT CHARSET=utf8mb4 COLLATE=utf8mb4_general_ci;

--
-- Dumping data untuk tabel `kelola_kelas`
--

INSERT INTO `kelola_kelas` (`id_kelola_kelas`, `id_tahun`, `kode_jurusan`, `kode_tingkatan`, `id_kelas`, `NISN`) VALUES
(178, 18, '1', 12, '12-1', 980),
(179, 11, '1', 11, '11-1', 1323),
(180, 11, '1', 11, '11-2b', 3423),
(181, 11, '1', 11, '11-1', 3434),
(182, 11, '1', 11, '11-1', 12412),
(183, 11, '1', 11, '11-1', 123456),
(184, 11, '1', 11, '11-1', 123456789);

-- --------------------------------------------------------

--
-- Struktur dari tabel `komentar`
--

CREATE TABLE `komentar` (
  `id_komentar` int(11) NOT NULL,
  `komentar` text NOT NULL,
  `tanggal` date NOT NULL,
  `id_topik` int(11) NOT NULL,
  `nama` varchar(30) NOT NULL,
  `status` varchar(10) NOT NULL
) ENGINE=InnoDB DEFAULT CHARSET=utf8mb4 COLLATE=utf8mb4_general_ci;

--
-- Dumping data untuk tabel `komentar`
--

INSERT INTO `komentar` (`id_komentar`, `komentar`, `tanggal`, `id_topik`, `nama`, `status`) VALUES
(1, 'Gatau jawab \r\napa', '2023-08-17', 1, 'Acep Handika Permana', 'Tidak'),
(2, 'oi gatau cape', '2023-08-17', 1, 'Acep Handika Permana', 'Tidak');

-- --------------------------------------------------------

--
-- Struktur dari tabel `mata_pelajaran`
--

CREATE TABLE `mata_pelajaran` (
  `id_mapel` int(10) NOT NULL,
  `nama_mapel` varchar(50) NOT NULL,
  `kode_jurusan` varchar(10) NOT NULL,
  `id_kelas` varchar(10) NOT NULL
) ENGINE=InnoDB DEFAULT CHARSET=utf8mb4 COLLATE=utf8mb4_general_ci;

--
-- Dumping data untuk tabel `mata_pelajaran`
--

INSERT INTO `mata_pelajaran` (`id_mapel`, `nama_mapel`, `kode_jurusan`, `id_kelas`) VALUES
(1, 'Ilmu Pengetahuan Alam3', '2', '10-1B'),
(2, 'Ilmu Pengetahuan Ssosial', '1', '10-1'),
(3, 'Bahasa Indonesia', '2', '10-1B'),
(8, 'Bahasa Inggris', '2', '10-1B'),
(9, 'Ilmu Pengetahuan Alam3', '2', '10-2B'),
(10, 'acep', '1', '11-1');

-- --------------------------------------------------------

--
-- Struktur dari tabel `nilai`
--

CREATE TABLE `nilai` (
  `ID_Nilai` int(10) NOT NULL,
  `NISN` int(11) DEFAULT NULL,
  `id_mapel` int(10) DEFAULT NULL,
  `kehadiran` int(10) DEFAULT NULL,
  `tugas` int(10) DEFAULT NULL,
  `uts` int(10) DEFAULT NULL,
  `uas` int(10) DEFAULT NULL,
  `nilai_akhir` int(10) DEFAULT NULL
) ENGINE=InnoDB DEFAULT CHARSET=utf8mb4 COLLATE=utf8mb4_general_ci;

--
-- Dumping data untuk tabel `nilai`
--

INSERT INTO `nilai` (`ID_Nilai`, `NISN`, `id_mapel`, `kehadiran`, `tugas`, `uts`, `uas`, `nilai_akhir`) VALUES
(8, 55, 8, 111, 911, 911, 911, 911),
(10, 1323, 1, 911, 92, 90, 90, 90),
(19, 980, 1, 90, 90, 90, 90, 90),
(20, 55, 3, 90, 90, 90, 90, 90);

-- --------------------------------------------------------

--
-- Struktur dari tabel `semester`
--

CREATE TABLE `semester` (
  `id_semester` int(11) NOT NULL,
  `nama_semester` varchar(255) NOT NULL,
  `status` enum('Aktif','Tidak Aktif') NOT NULL
) ENGINE=InnoDB DEFAULT CHARSET=utf8mb4 COLLATE=utf8mb4_general_ci;

--
-- Dumping data untuk tabel `semester`
--

INSERT INTO `semester` (`id_semester`, `nama_semester`, `status`) VALUES
(1, 'Ganjil', 'Tidak Aktif'),
(2, 'Genap', 'Aktif');

-- --------------------------------------------------------

--
-- Struktur dari tabel `siswa`
--

CREATE TABLE `siswa` (
  `ID_Siswa` int(5) NOT NULL,
  `NIS` int(11) NOT NULL,
  `NISN` int(11) NOT NULL,
  `Nama_lengkap` varchar(100) NOT NULL,
  `Status` enum('aktif','tidak aktif') NOT NULL,
  `Tempat_lahir` varchar(50) DEFAULT NULL,
  `Tanggal_Lahir` date DEFAULT NULL,
  `Jenis_kelamin` enum('Laki-laki','Perempuan') NOT NULL,
  `Alamat` varchar(200) DEFAULT NULL,
  `Tinggal_dengan` varchar(50) DEFAULT NULL,
  `Nama_ayah` varchar(100) DEFAULT NULL,
  `Nama_ibu` varchar(100) DEFAULT NULL,
  `Nama_wali` varchar(100) DEFAULT NULL,
  `No_telp_ortu` varchar(20) DEFAULT NULL,
  `No_telp_wali` varchar(20) DEFAULT NULL,
  `email` varchar(100) NOT NULL,
  `Foto` blob NOT NULL
) ENGINE=InnoDB DEFAULT CHARSET=utf8mb4 COLLATE=utf8mb4_general_ci;

--
-- Dumping data untuk tabel `siswa`
--

INSERT INTO `siswa` (`ID_Siswa`, `NIS`, `NISN`, `Nama_lengkap`, `Status`, `Tempat_lahir`, `Tanggal_Lahir`, `Jenis_kelamin`, `Alamat`, `Tinggal_dengan`, `Nama_ayah`, `Nama_ibu`, `Nama_wali`, `No_telp_ortu`, `No_telp_wali`, `email`, `Foto`) VALUES
(5, 55, 55, 'Acep Handika', 'aktif', '1322', '2023-08-06', 'Laki-laki', 'Sukaasih', '231', 'Acep Handika', 'Acep Handika', 'Acep Handika', '123', '123', '', ''),
(6, 13213, 1323, 'Acep HandikaP', 'aktif', '1323', '2023-08-06', 'Laki-laki', 'Sukaasih', '', 'Acep Handika', 'Acep Handika', 'Acep Handika', '', '', '', 0x89504e470d0a1a0a0000000d49484452000000d7000000d70802000000061f53e20000001974455874536f6674776172650041646f626520496d616765526561647971c9653c0000036669545874584d4c3a636f6d2e61646f62652e786d7000000000003c3f787061636b657420626567696e3d22efbbbf222069643d2257354d304d7043656869487a7265537a4e54637a6b633964223f3e203c783a786d706d65746120786d6c6e733a783d2261646f62653a6e733a6d6574612f2220783a786d70746b3d2241646f626520584d5020436f726520362e302d633030322037392e3136343336302c20323032302f30322f31332d30313a30373a32322020202020202020223e203c7264663a52444620786d6c6e733a7264663d22687474703a2f2f7777772e77332e6f72672f313939392f30322f32322d7264662d73796e7461782d6e7323223e203c7264663a4465736372697074696f6e207264663a61626f75743d222220786d6c6e733a786d704d4d3d22687474703a2f2f6e732e61646f62652e636f6d2f7861702f312e302f6d6d2f2220786d6c6e733a73745265663d22687474703a2f2f6e732e61646f62652e636f6d2f7861702f312e302f73547970652f5265736f75726365526566232220786d6c6e733a786d703d22687474703a2f2f6e732e61646f62652e636f6d2f7861702f312e302f2220786d704d4d3a4f726967696e616c446f63756d656e7449443d2243383530363232373142393335343043433239463638434545343143393432462220786d704d4d3a446f63756d656e7449443d22786d702e6469643a34353642304534414137313331314541413143383839414431343736433332422220786d704d4d3a496e7374616e636549443d22786d702e6969643a34353642304534394137313331314541413143383839414431343736433332422220786d703a43726561746f72546f6f6c3d2241646f62652050686f746f73686f702043432032303138202857696e646f777329223e203c786d704d4d3a4465726976656446726f6d2073745265663a696e7374616e636549443d22786d702e6969643a37653037343363382d653061332d396334312d623031662d326162323062346235336562222073745265663a646f63756d656e7449443d22786d702e6469643a3646413642353441333143333131453841313935463244313439433038414343222f3e203c2f7264663a4465736372697074696f6e3e203c2f7264663a5244463e203c2f783a786d706d6574613e203c3f787061636b657420656e643d2272223f3e5da63eff0000207a4944415478daec9d07781cd5b5c7a76fdf555d15ab17cbb22577dc0b16b8c4363636cdc44020b1212184607adea33d48e1a53c0284241f8f60e0c58118634006e38a7193bb644bb22c59bd585ddad5f6dd69ef4a16b22cabec6a6757b3b3f7ff8df5ad67676667eefdcdb9f7dc997b0efaf1f69dbcd5c6b9ec2845604a0d1eaea7f431a85c8100f13c020525945014e151c461478cadbcb11db1db1114476472042708ce6404df13115164a41e53aa7982e2710285fc4109ae6ea878442e4322a3105d18d265443a018b3604e5091e4165c929f28c2c4ca1e65d2ed66c42780e9618940f8553a85a814427208636aeb68237b412aaac1978a41e34c19cddc6592db088a0fc219645ba3a1095064dc9402c31842c259db15a99ce7614b4d95050fe94dd8a92141a974430563342d31041a8b111ed424c4682773aba9d1728a8b16b9d318820d4980b83450005298482821442410aa1a0208550904228284821944844c0221885588636b536db4d46c6e5725acde02f41923849c9546a7578a4265c8f11b060218542cbd058d75476b1e9f2c5968a526373a3a5b36d98972f5114d3464547a76546a566c46464c5654dc3091296e13042bf2cab87a530a88085ab3d7fbaf2f4918a53c72c1dada33e0ea550264eb92965d682cc45cb28a50a162ca4d02d018357b8efcb9243df38057dd58da064190b6e99bce2f6f8ace9b09021854388e72bcf1c3bf1c9fb8da5453efd1dd058cfbdf727e97316c387f890c2eb547d2eeff0d6bfb4565df6db2fc6644c5ab2694bdca4a9b0f0218548477dcdb7effea9fadc8931f9f5aca5b7e56cde22576b2185412a8e654feff8f0f8bfde6369d7189e863a3cf2074fbc943c632ea430e8d4d5dc98fbdfbf6a2abb288e7a40e76df8c9fc8d0fa358303e4708d26727e527bedbfad8bd6241b0c731cafbf8bd2f7efd0ced74400a83c2113ef9eff73f7fed6997cd2aba7be3e4e14f9e7fc46935430a254d20c77df3e66b473efcab68cf1098e76d4f6fb275192085d214cbd05ffcf6b9a27db9223fcff6dacacf5efea5cb6e83144ad00ae6befe1fe5798702e26c9b2e977cf19b67c139430a25a57defbc1e28085e554dfec96ffff70d48a1747472fb0717bed91970a77deecb8f4b8fee87144a4115278f1cf9e02f017af27bdffa4d574b23a430b0d5d5dcf8f59f5e0edcf3775a2d7bdefcb5e403494a99429676e5befe7ca00fbfd59e3f5d746017a4305075e81f6f026753021772f8fdb74538c60e291c59758567f373ff2d8d6bb175194efcfb7d4861808971b9f6fcf935295d11f0972d9ded90c240d2d9cfff696cbe22b1fbeaf4671f410a03abfdda2abdebbaf0cde70eb3095218183af1c9fbb4c32ebdeb021755b43f17521800b29bba2e7cf399545baefcafb6f352ccc020350acfeffe0c74a1a44a615773637d513ea450d40276e2fcee1d88a475f1dbdd904251ab26ffa4b9bd55da14961d3bc83234a450bc2a39b40791ba5c366b7de13948a148c5314cf9c9c34810a8e2d41148a148555f9c2fed87ad7daa3a9b072914a9aaf34f22c121635383c4babf12b285c20d61a4272766a42669356ad15e6c5de15929512891289a1ccbb6550b16e8e8c9471ed087872108dad0d47232ffc2b7c74fb5b4750cb571465ab2d9626d6cf6ab71ba52727e52ce4a48a1b8d4515725e060b5cbd53b1412171375e7ea6577ac5a7aaaa068c7aebdd5f583bc21d1dcdafece6f5facbbd2b4eff0f163a7cf310ceb87eb6da92c93922dc4effdc59312b88ccad34705f41c17ce9a1e11160a6c61f77f500445d1b898e8a58be78d8bd15faeaab13b9cfd37763a5d3c82e42c983d7bfae4a58be6e118565ddfc0b2be65d161ee9a7dd78392096a2391cb68aba914f068cec1cc2a6071c1ac197ff9f50beb572e2508bcff57bb0f1c367475bfed12a2d3de77e79abffffe9555b72ec67d890830fc9d0d35d03b11974cad4d021e8d1d7a3aba4c466d5cbffa0f2f3d939a18df9fdacf771fe8fbaf56adfaf186f5fff35fcf67a6a70cd83d35291e1388cece865a48a19429d4a84688819e302ee6772f3c75efba557d060f740aaf9ac33e813ee56bcf3efee03debfa1b4e0227de7eed57b3a7650b40e1953a48a1b8d4d522248531fa88913bd41876e7eae5bffed513fa08e04d23344d7f7de0f08d8df86d4b6ffecdf34f8487865c5d535659ddd4dafeeca33f7ef1894722c242bca310da423189a55d0e8b602f21c7c546ab554a37371e9f92f4c7979f9b337d0af8bcf7d031bb7d90e883694909afffe796c4b8d8abfffd725f77a092a99326fcf995e7e6df34faa0d616090d5c4b814261c35bcdc89ee8d1f62aa5e2e9477f7cff9d6bec0ec7fe23833f5b0b0bd1bdfacc63a01d079f8b4bcb3b0c46f04121973fb9f98107ef5e8b8e2ad2bf1952282e0a6d425298337f96a7bb008c6effc1ad2f3ef9b3a3a7cef143c45100f6f5e52d3f8b080b051b9cbf58dab7feb65b173ff3d307711cf7d81676b6410a4524a7cdabdc387d6d65b7219c3c117815a33bce948913b63cfca3a6d621e108d1699f7cf847c047be5c755d970e382b2f3cbe69c0e8cfc8576db548e6adf260a710b8c31bd7adec3369f7aef5eab1586cb43e364a3fcc0619a9492b731636b60c247572e6f8a7363fe069d3ece5ed07291452945c39ea7d73e6df9495917675c065c9bc59c909e37c7db677ac5aca30cc8deb674dcd7af0ae359e9a4348a15834ea0759a0715cb164be8ca2f411e15ab5eafef5abfc70b6e087e6ce18dc355e7dcba245b33d4891e7b498218501af39d3b27bde9d416414b979e39d7e7b952b67c1900ed0231bef887663b4f2aa24939622a8f323af5976f3d50fd3b226cc9b31c562b1959456d6d45de9ec34ba5c34f05bf591e12929f19326a5cb65f2d1fd04f088abaaebcbca2a1baeb4381c4ed0f30b0dd54647454ccc4c039dc81bb797cb648f3d70cf0b7f7c27a82a420a14ca54a3b16193c6a7a62725800f2daded24873dfcf3974acbaa0034144502f13c67b3f55a1ab0e6e6c57336dcb52a3d3dc98391148b75c7ce3db9bb0eb6b577f61da7ff912323c26e593267f9d28569a909fd77cc4c4fce9977d3b7796782c73b095e0aef5ebd8c65d97f7cf8d9ce2ff64f9d9279eb92b98ffd6c637c7c6c68486f624496e5aaaa1b0a8b4b0f1c3cbe6fff51b0ac597dcb13bf7c8824462eb47d078ebdf1e65600625858c8fd1b6f9f3e6d6266669a4aa1b86a1f1d4e67e395d6cbe535178a4a9f7aeef5d49484e79fd904faa67dbb6fbc7de589fc22bb63a406572a315e8394c2f4e404e01a1fcbcbd7e934fffee71be0eff79eceb5b112d022a7a725a6a727deb16ef9a9d3857f7e6b6bee57076fc999377ddaa4118ffff63b1fd134bdf927f7dc73d72a998c02bcf44073add9050d7d4a72fc8a650b18863d71aae0eb6f0e3f74fffabedd43b49a3b56e4fcf30b094e801fdcbf944636c6b7eecef1e851f22b5b7e963d21ada7007affdd4861df5bae573fd30c535a5a999d9531c85e37d8a8dada46b54a191edef7be427f0af97eebf86b1bf0d76de9703a7efa1fbf355b877b2c74e7ab6fa5cc9c077d64b148151aeefec6c00af622e8894043dc8ba01b4a4c88ed87e06804ece5daa5378fd090513238522322a9c323dddff8bef581316f68d9a239328a843e72e05018e6ee18dbc259d3aebac603041adcbd790587ce1497d735769aac048ec74585cdc84c5d9b3327252eda9b736b6e376cdf7b34effca58afa66a78b0660254447ccca4abf6be9fcd4f8e18eac522a16cd9eb1ffe84961dd32680b7d255d54ac3b9b512479ffbad537ae3f9a7f71c5a3afeec9af58bcf69ed688e9cef45bf9c9b79bf5532cb8faeea77ffff25fff450ff6cccd1d6dfbead09a5fbcd66247a266dccaa52f0e99778f62f1c3376ffc7974c6e44daffded95bf7f62bb7e2ed500ad583c5c02794aa184148a4821d16e3dffbd7df992f0505dff3526abed3fffb26d675ec98e5d5f7d9abbcb24d3e372257279efcedf6d8a9ebee291e75e2eafa99a3c6fc92bef7eca793e2cf2f1de3c03aa2a2e2bfdfb871fed2d6adefec7a7e26c17c9e682a3edda675f78e97cc9c5e937af78e0a5b78f155c1aea084971b1e3a2f582f4862185beb7853123531816a2bb7dd992fe6b2ed736eed89f77dbf29b3fdcf67f1332278035ed46b38c07c6895fbdea071d1dad0e1695cbe58f3eb1e5d537deb9d4e4d9ebdc9d56d7e2f53f7ced0f7fd268350ccbe922c7dd77fffd1515e5b4a98d5487f1dd83d8d4a69f3ef2de1f5e6c6869cfbb50ea700d1e0f6ed6d4c127a9504a95646ca144fa8561e31247dce6a1bbd60ce8ec8f4f8c1d9f049a72b4f6e036457462f4949cecb4847d89d331da42a842953119d1a1dd1d2f9e65284b63466214427bf0dc56a7916bd8366b7ba32a22564612911a0a5ffc635b6d4158f6d2d44805c231ada5678cd5855ab96ac38a85fd466a066aced4eccff71c1cdd25078a24325e08f4e65d370ff3a6d34d93273dffe883fd8600bf1fedfbfeb3d369b73aac1c8617d49b1b9c2a8c926545c92744928cd38eb28c92521024d5afd890e1c70b7b91e2799bc3e2e25804c32d4eee4c4d1783517a25921e82c870041c53a1500fdce5dac862efff2d56e76ffffa5e5965cd80df9894b372d5d3af425b282e8527a4345e2a1cf42b855cb6f9de75c3ef2e9329c002d05a325ecdb0c017e1318c25381ceb7d79111dd53d8e2a159a9efd792dc5ae9ed83dbc8761188e1303501bcefd57a916cc9c7e2385b113b2255377d279b32b222179a8afee5bb7728053320c38c0e6c9e54ab95c45510a008c60058de32429034b2f826e0bdc4273a74fbe713da4508cd2278f1f74fdc4f494e58be6066a87a9c706c746e9e363ae1b59548584e953c7430ac5670b93067928a7522a7ef9d086d14db514836cdfbf5633fb7a4f3975f62214c52085e2b38529e937ae7cfcc11f62281eb81765b5f78e69cfb9be51ce5cbc0c9190a443a15cad1d308a7beb82390b67cd186a1c2e20d4374f2a332da52fa28852179a38e52648a148d5ff69725a62fccf1fd8003e68d45278d80a3a153973675ffd1c169788046c1f43fa14e2df0fe96935ea171e7f84a2641c8a4576c7c30c541194bc5d19d3aa1ac7a2f8ca9c85444f08075e2aaf585fbb4c295d0c4bf736becf3ef250a83efa78dc328ca0424db5caf3b97aefdef61bf8430c8d13d450df721c8709e43ab071d915b173236588b3b53c9e2f1a9f9254525ed95e5b29310a25650b1dd6def9b995b5f53652a391535342919098041c13d8417138864cac020c95dd265400319450a8a2e548960ed1c8c8e6b6f68adaee98854eab05669a10a9789eeb0ba6f6e9ee7de6e6061ce10814515a5ac6454709fb5b34ed1cf404babf7239841a43e9ec324559ebb18efaa6c626a62aff9537fed617f6bda3be1ab6c86294b9ada52f4da1c56a7be6c597ef5c734a91954df2aed395355191a1e949f142fd16c732a6ae36001ce8a091a44cab8db0d9baec36730f8b4878448c30141a4c613ab3a278efd182c28f73f7184dd74caca1b13e69da6c48a1e8042aa6ff7fbbcc967f6cdb8e20dbaffe77c1cca95b366d14eab7c222c6d1b44ba38d00aeabd361351a5b284a1ea14f0010320c83e1042284fff0c18e2f2f550c6ef38c8df58884241d0abb5a1a87f9f6e4f922a3c91ca2d50af573c0045efd2093abc072ad27479088100c82b32dbde10d866bb75c93a428944ebfd0d4da3cccb70cc3ee3d7222802ee7e8e9826146640c8d0d904251dac291c2fceff92ecfe90c98b093078e9f1eee961bd6f0430ac7d03b691ec1585aacfb8f9d0a886b292eab68686a19ce49773aeca62e48a1f8286c1f39ce73ee81ef7c9d1b4c10ed3a30723635d348771da4700c6435768cb84d87a16bcf61b1a7b8ae69683c577cc90ddbdf0229149758dae566a2f81dbb0f08d63be438c4e9ec0d9cc53088402fef7cb6fba03b4f8a4dedd2b1851219a9b1190deebad216ebce3ddfdebbf607a3ff3186c56aebf18a1ab4d3d8732363bc4a819a7bee0182e0e263d9f424be2744ec2874b9aaf6447ea13b5b5adadb2085e292c5d0e1fec6b9fb0fdfb260b6de7d50380e6b6c057f519b1d6d6dc79adb90fe9d4bb0defcbd196618acba0e2cbc4ac98d8be64374888c028cf2eece7a413edcb1cbcd5766ec26236c91c525a72761e35c34fdc1a7b99e141286d81dc4f1337841316eb291e327e2317198568710d78732425154a9c422f4444a3aa10ec12f5711a70bf0c21244e66e64ad93f985c38c54df60fe3ba12d14973c4d4276aaa0e8f4f9e25953b3dcb586e9c90c28acb31778b389331a640b73c829330070fdb6e89e74ccd32ea6f8bce3d03eb6a51cace3352afa96053d148e6cde406f75ab27f7861552283a5be87984e777fff5d9a4f1a92a95c27d10599b0d2f29679b1a6cdb3f42b67f846943b0a81854a542500c6168ced0c1365db9d6589324b368aefb8670db97bbdb3b0dee9fbf945a64a950e879fe1943970980b865f37d1e78e29327a25d66ec4aaf73ca998cdc50286018337f26af7577b241454dfd37878e7b74fe52b28558d0520874ec4cc1213742e9f7eff9310b66b1d913809d1b662b3e2c0434c49cdbf9f4403ff5edad1f734327a81f7c2ff746a6a02df49f387694f105dfddf6594a425cff848c237a2a6cd60476623ad6d6891a4d88cd8ef03ccab23c8e2324c1ab557c4438af5579f456cd879fe60effbc6e181029a50a52281eefc43eca1d69faf77fdbfa87179e522a3cc9ab83e35cb41e1932b2a0070c9e2d2cd93bdac7392e875d1a14067506b2ab6a6eeb78e3bdff1b93896dad1d9d6fbfbf6dd43f4d3b6cd2a8024861b7f28b2efde393cffd6dbf7bccb0c5661ffd11ec7648a188e4bd55f8e6d0b1af0f1ef1e739bff5feb6eaba2bfef7c92085be9220ede9079fe69ebd70d13f27fcfe279f9f387701b64292a2905208d049e738ee7fdefdc8d865f2f5d9169694fad9ee420a03494e97abaea1a16f46a92f8c364bbbea1b9a6051f79744466ac8d1e62fbe510a999c63189e653182c2705c48fe1886ebe1bb273fa3006260966e51092705cbd425ef4184ef365a4e8ec13082c008c23bfc38001fd72f6f8f4a21cc3de3439b0d291403857d008106142c184ea038e1916904fb0283cab10c7fc3a339b94c2259142185d7d7ab5a27d4a1becfa57dbde3c232c0f2b0088262188ae13d7fb1ee7834bd2927baf344f0dde210ae1bddee6568b75d211786429c202185229242234cd005194592e47065020c1befe16b07374aa312266713215c6f18fac842d842812854abfc91d34bab1126bcac80fd1048a10052ea8409d8aaf34bf861d0f52484f0be49680bc5d5226b85e917fac7160af543303fb2b8a40a8df0723ca5b7c7a6f6138582740de56a0da45044021eab3632dafbe3e8347eb22e215aaf0142519912da429149171debfd41c24374fe395bb7f3f20ddb15964abe09e950181235cefb83e823c2fc73b6deff90500e19a450500a63e2bc3c028e6119c909fe39db0929dee6d8ee9f6208522816850f9d99d64dcd9c3c51ebaf7ee1c4f49458bd5718e9a2622185a2933e39dd9bdd651479ef9ae5fe3ce11fdd799b7714c6400a4527ad3e46a61aa5e389a2e8a60deba223c3fd79c25332d3d72e5dec0585e3208562d4e8d2a76318b679c3ed0b6f9aeaff1306d67755ce82b1ea81400a7d446196a7bbc445eb5ff8c54f72e68d59a2d7fbd7ad7cec47777b3a7c88a258585c92642a4e52d918e3b367b8bf715a621cb04373a6658f7926f90533a7ce9e927530efcc9ec379cd6d6e05620c898923280a5228468dcbcc262819e3720eb30d4910f3664c5eb6704e6a629c78ce9c2489158be72e5f34a7b0b462ef91130517cb869f55189d3e414a1527290a719202e6b0fadce0013780f3015ade25736668d4228daa01ac327059c0d2da613870fcf49153f9469379d02d6332b22085e255fadcc50328a44872f6b4ac2573674e4c0b98eebc3e3cf4876b96dfb37a697e71e9a11367cf975c1e10d12b565a14a25f96492aa39aa5a3edaf0facbc1a773f393e16c0077a5d4a4560bf87d769347d77eadce193e75adabb6316520ae5e3db0f09393f10da4261a50e8f9c347b7e9212593c7b7a426cb4342e2a2c44bb7ef912b09456d674b3886ba584a0a46c21ca733a5b5bb8b9516b6993cabb26838be178936e5c8726d6ac0893c61505b82de458454589a2a654953d21d4d94eb03df373258d60779d616898b9112c2e42d1218f7014963812c7dbd32622180e29f49fe40d558a4b05645519dbdecaf74433775e38c32d9a8944842041a5a646f6e82ed46e579cf84e89e37864149d3cde9e39cd1197025b649f9157924fd456f2ed2d1c3d484c0214c342b332b4d9694142a0a9a8c2505c36e8b4548c24d188282631cd3e31308814358598c9a0397b94aa28e13b5a0725ef46c9427411f3a692a15a09f3471b4ced79e79d46b732d3f610a977a54e34cf5cc8694321856e9c8dcb493454138d757863adccd881998cace791ecbbe7a0a424e8a64fc0a4325df75a3798a6bbf24b4d95b5a388d7882b559c36c41912cec6263260894be22919a4b0df49d8adb2e273544901515fd59d6893a208a58a311abc39264050373e593b391d402901fe40cbdb75a1dc545eed669b30a41f1012c6582d08ed42308c4e48a533a73ab366f00a5550538877b6c98fee95159fed9fdf10b4207c7bab30c7a7284d6a8276522a260bd467ff9cd365ba5869aeac635d0225d48d8842dafb25b6c07167d64cc7c2e56c5864d051883aecca835fcaf24f80db7cc057a446459b854c2903cca12a2e469399220b2827dad966349756591b9abc8f8c3372f1a29873fa5cdb2d6b79b9c2ff573a362335545991f2eb4f308bc93f3f076ad15277052ca45aa54e8e53a725e04af13ed3636d0e4b459da5ba81b6f831bb13cfc9ce1d27cb8a6cab36b832b2fd7cc97eb7853caf3c982bcf3be0f1cd2aec6da0d3a8e263948931648858bc69da68b2d53659eb9a5c43bc47e35b5bd84f8ef94b6d39b7f973b2b37f6d21cbaa776ea52e8d10db9eef9f03db37727599c16228be8ccb64727db82226521e1b41f82b484d9f18abcdd1d86e6f6a75b476b24ea79fecc048c52b3fbe1feb6cb5ac7f08f1d7d36a3fda428ed36cff5ff272f1c8778652ced8c62062332ea364a12154984ea60f037f7185f00319acdde9eaec72b67676ff351859a7cbff97e966f1d2e3b3cc776f46fc32c2e03f5ba8cadde60e823d77eb1875c89c2e5b732b5890929eb11e8220356a42ad24d54a42a322b4aaeebf004d779a2a9e67ec4ec66c654cdd0b6db531161b6db6f48f6e3d76a33e6e952fa82cd5ae7f59d7de271d0a4147505678dadd526258440402c40073059601eb3192040b4e9118580802ef090fcc3a9c607bce45b32e9aa3692f47f57c0b21e3aec72dbb708a8d8c76ccbb550a14127595c02341a4a2ab9031dfa73cd38d4f05c6d154558b4851a0e298b8642621d5a7bfe2f3561f753ad43b3f443c79e23426e93947797538aecb4ed366a505d06ba79e152fcf83ea437d9c5805f3c3cd84993c7b16c7b16ca0d4a826210e935360518b69469fb0c50baa4ff1edae00a69068aa979d3d86485528aacdea6daab4935211e9bee12d3f73145465a052a8dcf3e9683cde0069911511e1c071eebddfb42a857fc3dcf8da471eb08f72cf8e80a490ac2821eaab11e94a3be1baa9a5da8c14095f2c515f052a34f028541cfa4acab522972b12ae9be3a74888022b257cc98aefbe0e300ac9ea326f7a12a8e8fb58aaf81837578aad2f3bfa1bafb18eacbe1c4814ca4f1e1aabc2f28fd4e90983ad4c143d84a877d5fa6dc05088193bc9f21244baa2b4da41a7b690a11af095842f1c542ba8dcc0a050967fdccb87c128266a5ba88a8bf6a8a516912df4b660f99eca153f853c2f2b3a33b60d87afa54c1a123565a2b829f4ba607b2a97173b85445d25d66540a42b42a11866a629689449a552c2970f2a97a8ad143b85544981100d877827ce29a3479825a48812712612210a56902af629853c555a2848d321da7a54c48f100a4c29e2ae212a44c1526585c236ca02534834d66366a384db2314c7e5e3f4230c67c445a2d28aec36101a931154b47829242b2f09e4ca89b44596e97423bb99280a3613eb5d8489aaa2454da1681b64b93e4cc0cd0257e2a510a55d44438db44b5f16e9165e32a953082a1a54b71829241aaa114e981754c5db22478509b8d998f46b853910c70a687104a5b04eb061247136c8a45289c9dc8a038651a438470d5121abbb429cb650b8e65894cf4e48ad07796b497f25b91dc3465994145e116e1e9a289f237b049647c8fa4fc2757588c65ad1518819da51874dda773fe54988582a4c2bedd240ed3650e9e2a2b0db3511b2fb22465b48e83c8836d9372545aafd42012b5d300ac99a72411b8ec0ef178ab44516b26085aa74e16c615d252269a1388ec93d0808db3d4f59d2cff104ac746128449d76bca355da258e7b9e8f1813610a6341071f40a583aa170b85c4953aa1cb4a742d3246919e832bba24038217ab20552f0c8578eb1544eac23dcf5b21bd541783557da378286c12fd4d3b06b610139f2d14fc718098286c6b963a8412e957086f0b85a87a4128e4f1b626c91737467a1ceb11258820a0b0491414624603ea7222d2178a40dd58282ea7f733943191dc0d81201ede4b3e0240080a3bdb04bf300e15ddfb851ccdf861175f8bf541266fef0110a24516e891f6f5144ae3a983e8cc27eb8382c58c1d22b0855e9f4460d842cf330ff02c87048170afcd9020b6b02318ca7a14215085cda228ded1034387182814be451661fd8de694c4171ad917058b8db92dc42c2694f141861911d61f2305efc4173d55008097e95dbda630489ae351fac87490148e9718784da1c937e1b9c497f284f51c293152c8fac43c7b8981d7149abb44e20af8de16d21ef9bc3cc7b322a4d037058b59bac694424b17123462ad1ebcd1c95a6cc153325e1a23ef5b64df44e8a2c5f8609a31db3cd9d82a465e7cf3c4df4b0cbca510f5ce39f2a72b27c0ad61347bb0719725786c213ac63eb239885a64da64f1d1c6b04516638bccfb3815ea285b334f6ca1471bfbcf39f14dc18e658b8cd22e01c387895f2eb3272db2c91c3c25e32509de5168b722c1248ea65d9d6e75806883990d9a216bef61f08e429baf2814ed7b008e06b7a65ddbeb5bc479febe2b586f60f08a42cc67b650b4f3866c575a04dc6c0c2c96cf0a161b335b68f7d5c0ac685fae77180cac6d842137d6e6009b214126d46e971a8508cf8b34a830cf9b2f550dbf89f952b538d3dd8322e57d7662a863ac6ca12f03168a761aa5b9aa8e730de97980afc006223557be2c526f4c9248fb853d37ae48a79eb02e97f1ec907977c15760039152e8cb221dbb7ea14f8b9b10ef042853759db56290e4476025f84abc7d375f46b2f30606ef4c74300d590f50fbe90bb4d9aa9b9271351514cff1a60b978d97ca457dd23e1d79a0c788429465829642d0cd3796949bcb6ba8d010f05f97c1186cc3d402c2e0a52d0cea72477a5ec0b6b7b62150dec1808d15fe50d0160a446110f70ba10484c1bb9161c697b610c560d50aed23fbb248bd80e1ff051800df07d532efa57ac30000000049454e44ae426082),
(9, 344, 3434, 'Bili', 'aktif', '23', '2023-08-06', 'Laki-laki', 'Sukaasih', 'dad', 'Acep Handika', 'Acep Handika', 'Acep Handika', '3213', '23112', '', ''),
(13, 23132, 12412, 'Kecap', 'aktif', '3123', '2001-12-12', 'Laki-laki', 'Sukaasih', 'awd', 'rew', 'wer', 'ewr', '213', '33', '', 0x89504e470d0a1a0a0000000d49484452000000d7000000d70802000000061f53e20000001974455874536f6674776172650041646f626520496d616765526561647971c9653c0000036669545874584d4c3a636f6d2e61646f62652e786d7000000000003c3f787061636b657420626567696e3d22efbbbf222069643d2257354d304d7043656869487a7265537a4e54637a6b633964223f3e203c783a786d706d65746120786d6c6e733a783d2261646f62653a6e733a6d6574612f2220783a786d70746b3d2241646f626520584d5020436f726520362e302d633030322037392e3136343336302c20323032302f30322f31332d30313a30373a32322020202020202020223e203c7264663a52444620786d6c6e733a7264663d22687474703a2f2f7777772e77332e6f72672f313939392f30322f32322d7264662d73796e7461782d6e7323223e203c7264663a4465736372697074696f6e207264663a61626f75743d222220786d6c6e733a786d704d4d3d22687474703a2f2f6e732e61646f62652e636f6d2f7861702f312e302f6d6d2f2220786d6c6e733a73745265663d22687474703a2f2f6e732e61646f62652e636f6d2f7861702f312e302f73547970652f5265736f75726365526566232220786d6c6e733a786d703d22687474703a2f2f6e732e61646f62652e636f6d2f7861702f312e302f2220786d704d4d3a4f726967696e616c446f63756d656e7449443d2243383530363232373142393335343043433239463638434545343143393432462220786d704d4d3a446f63756d656e7449443d22786d702e6469643a34353642304534414137313331314541413143383839414431343736433332422220786d704d4d3a496e7374616e636549443d22786d702e6969643a34353642304534394137313331314541413143383839414431343736433332422220786d703a43726561746f72546f6f6c3d2241646f62652050686f746f73686f702043432032303138202857696e646f777329223e203c786d704d4d3a4465726976656446726f6d2073745265663a696e7374616e636549443d22786d702e6969643a37653037343363382d653061332d396334312d623031662d326162323062346235336562222073745265663a646f63756d656e7449443d22786d702e6469643a3646413642353441333143333131453841313935463244313439433038414343222f3e203c2f7264663a4465736372697074696f6e3e203c2f7264663a5244463e203c2f783a786d706d6574613e203c3f787061636b657420656e643d2272223f3e5da63eff0000207a4944415478daec9d07781cd5b5c7a76fdf555d15ab17cbb22577dc0b16b8c4363636cdc44020b1212184607adea33d48e1a53c0284241f8f60e0c58118634006e38a7193bb644bb22c59bd585ddad5f6dd69ef4a16b22cabec6a6757b3b3f7ff8df5ad67676667eefdcdb9f7dc997b0efaf1f69dbcd5c6b9ec2845604a0d1eaea7f431a85c8100f13c020525945014e151c461478cadbcb11db1db1114476472042708ce6404df13115164a41e53aa7982e2710285fc4109ae6ea878442e4322a3105d18d265443a018b3604e5091e4165c929f28c2c4ca1e65d2ed66c42780e9618940f8553a85a814427208636aeb68237b412aaac1978a41e34c19cddc6592db088a0fc219645ba3a1095064dc9402c31842c259db15a99ce7614b4d95050fe94dd8a92141a974430563342d31041a8b111ed424c4682773aba9d1728a8b16b9d318820d4980b83450005298482821442410aa1a0208550904228284821944844c0221885588636b536db4d46c6e5725acde02f41923849c9546a7578a4265c8f11b060218542cbd058d75476b1e9f2c5968a526373a3a5b36d98972f5114d3464547a76546a566c46464c5654dc3091296e13042bf2cab87a530a88085ab3d7fbaf2f4918a53c72c1dada33e0ea550264eb92965d682cc45cb28a50a162ca4d02d018357b8efcb9243df38057dd58da064190b6e99bce2f6f8ace9b09021854388e72bcf1c3bf1c9fb8da5453efd1dd058cfbdf727e97316c387f890c2eb547d2eeff0d6bfb4565df6db2fc6644c5ab2694bdca4a9b0f0218548477dcdb7effea9fadc8931f9f5aca5b7e56cde22576b2185412a8e654feff8f0f8bfde6369d7189e863a3cf2074fbc943c632ea430e8d4d5dc98fbdfbf6a2abb288e7a40e76df8c9fc8d0fa358303e4708d26727e527bedbfad8bd6241b0c731cafbf8bd2f7efd0ced74400a83c2113ef9eff73f7fed6997cd2aba7be3e4e14f9e7fc46935430a254d20c77df3e66b473efcab68cf1098e76d4f6fb275192085d214cbd05ffcf6b9a27db9223fcff6dacacf5efea5cb6e83144ad00ae6befe1fe5798702e26c9b2e977cf19b67c139430a25a57defbc1e28085e554dfec96ffff70d48a1747472fb0717bed91970a77deecb8f4b8fee87144a4115278f1cf9e02f017af27bdffa4d574b23a430b0d5d5dcf8f59f5e0edcf3775a2d7bdefcb5e403494a99429676e5befe7ca00fbfd59e3f5d746017a4305075e81f6f026753021772f8fdb74538c60e291c59758567f373ff2d8d6bb175194efcfb7d4861808971b9f6fcf935295d11f0972d9ded90c240d2d9cfff696cbe22b1fbeaf4671f410a03abfdda2abdebbaf0cde70eb3095218183af1c9fbb4c32ebdeb021755b43f17521800b29bba2e7cf399545baefcafb6f352ccc020350acfeffe0c74a1a44a615773637d513ea450d40276e2fcee1d88a475f1dbdd904251ab26ffa4b9bd55da14961d3bc83234a450bc2a39b40791ba5c366b7de13948a148c5314cf9c9c34810a8e2d41148a148555f9c2fed87ad7daa3a9b072914a9aaf34f22c121635383c4babf12b285c20d61a4272766a42669356ad15e6c5de15929512891289a1ccbb6550b16e8e8c9471ed087872108dad0d47232ffc2b7c74fb5b4750cb571465ab2d9626d6cf6ab71ba52727e52ce4a48a1b8d4515725e060b5cbd53b1412171375e7ea6577ac5a7aaaa068c7aebdd5f583bc21d1dcdafece6f5facbbd2b4eff0f163a7cf310ceb87eb6da92c93922dc4effdc59312b88ccad34705f41c17ce9a1e11160a6c61f77f500445d1b898e8a58be78d8bd15faeaab13b9cfd37763a5d3c82e42c983d7bfae4a58be6e118565ddfc0b2be65d161ee9a7dd78392096a2391cb68aba914f068cec1cc2a6071c1ac197ff9f50beb572e2508bcff57bb0f1c367475bfed12a2d3de77e79abffffe9555b72ec67d890830fc9d0d35d03b11974cad4d021e8d1d7a3aba4c466d5cbffa0f2f3d939a18df9fdacf771fe8fbaf56adfaf186f5fff35fcf67a6a70cd83d35291e1388cece865a48a19429d4a84688819e302ee6772f3c75efba557d060f740aaf9ac33e813ee56bcf3efee03debfa1b4e0227de7eed57b3a7650b40e1953a48a1b8d4d522248531fa88913bd41876e7eae5bffed513fa08e04d23344d7f7de0f08d8df86d4b6ffecdf34f8487865c5d535659ddd4dafeeca33f7ef1894722c242bca310da423189a55d0e8b602f21c7c546ab554a37371e9f92f4c7979f9b337d0af8bcf7d031bb7d90e883694909afffe796c4b8d8abfffd725f77a092a99326fcf995e7e6df34faa0d616090d5c4b814261c35bcdc89ee8d1f62aa5e2e9477f7cff9d6bec0ec7fe23833f5b0b0bd1bdfacc63a01d079f8b4bcb3b0c46f04121973fb9f98107ef5e8b8e2ad2bf1952282e0a6d425298337f96a7bb008c6effc1ad2f3ef9b3a3a7cef143c45100f6f5e52d3f8b080b051b9cbf58dab7feb65b173ff3d307711cf7d81676b6410a4524a7cdabdc387d6d65b7219c3c117815a33bce948913b63cfca3a6d621e108d1699f7cf847c047be5c755d970e382b2f3cbe69c0e8cfc8576db548e6adf260a710b8c31bd7adec3369f7aef5eab1586cb43e364a3fcc0619a9492b731636b60c247572e6f8a7363fe069d3ece5ed07291452945c39ea7d73e6df9495917675c065c9bc59c909e37c7db677ac5aca30cc8deb674dcd7af0ae359e9a4348a15834ea0759a0715cb164be8ca2f411e15ab5eafef5abfc70b6e087e6ce18dc355e7dcba245b33d4891e7b498218501af39d3b27bde9d416414b979e39d7e7b952b67c1900ed0231bef887663b4f2aa24939622a8f323af5976f3d50fd3b226cc9b31c562b1959456d6d45de9ec34ba5c34f05bf591e12929f19326a5cb65f2d1fd04f088abaaebcbca2a1baeb4381c4ed0f30b0dd54647454ccc4c039dc81bb797cb648f3d70cf0b7f7c27a82a420a14ca54a3b16193c6a7a62725800f2daded24873dfcf3974acbaa0034144502f13c67b3f55a1ab0e6e6c57336dcb52a3d3dc98391148b75c7ce3db9bb0eb6b577f61da7ff912323c26e593267f9d28569a909fd77cc4c4fce9977d3b7796782c73b095e0aef5ebd8c65d97f7cf8d9ce2ff64f9d9279eb92b98ffd6c637c7c6c68486f624496e5aaaa1b0a8b4b0f1c3cbe6fff51b0ac597dcb13bf7c8824462eb47d078ebdf1e65600625858c8fd1b6f9f3e6d6266669a4aa1b86a1f1d4e67e395d6cbe535178a4a9f7aeef5d49484e79fd904faa67dbb6fbc7de589fc22bb63a406572a315e8394c2f4e404e01a1fcbcbd7e934fffee71be0eff79eceb5b112d022a7a725a6a727deb16ef9a9d3857f7e6b6bee57076fc999377ddaa4118ffff63b1fd134bdf927f7dc73d72a998c02bcf44073add9050d7d4a72fc8a650b18863d71aae0eb6f0e3f74fffabedd43b49a3b56e4fcf30b094e801fdcbf944636c6b7eecef1e851f22b5b7e963d21ada7007affdd4861df5bae573fd30c535a5a999d9531c85e37d8a8dada46b54a191edef7be427f0af97eebf86b1bf0d76de9703a7efa1fbf355b877b2c74e7ab6fa5cc9c077d64b148151aeefec6c00af622e8894043dc8ba01b4a4c88ed87e06804ece5daa5378fd090513238522322a9c323dddff8bef581316f68d9a239328a843e72e05018e6ee18dbc259d3aebac603041adcbd790587ce1497d735769aac048ec74585cdc84c5d9b3327252eda9b736b6e376cdf7b34effca58afa66a78b0660254447ccca4abf6be9fcd4f8e18eac522a16cd9eb1ffe84961dd32680b7d255d54ac3b9b512479ffbad537ae3f9a7f71c5a3afeec9af58bcf69ed688e9cef45bf9c9b79bf5532cb8faeea77ffff25fff450ff6cccd1d6dfbead09a5fbcd66247a266dccaa52f0e99778f62f1c3376ffc7974c6e44daffded95bf7f62bb7e2ed500ad583c5c02794aa184148a4821d16e3dffbd7df992f0505dff3526abed3fffb26d675ec98e5d5f7d9abbcb24d3e372257279efcedf6d8a9ebee291e75e2eafa99a3c6fc92bef7eca793e2cf2f1de3c03aa2a2e2bfdfb871fed2d6adefec7a7e26c17c9e682a3edda675f78e97cc9c5e937af78e0a5b78f155c1aea084971b1e3a2f582f4862185beb7853123531816a2bb7dd992fe6b2ed736eed89f77dbf29b3fdcf67f1332278035ed46b38c07c6895fbdea071d1dad0e1695cbe58f3eb1e5d537deb9d4e4d9ebdc9d56d7e2f53f7ced0f7fd268350ccbe922c7dd77fffd1515e5b4a98d5487f1dd83d8d4a69f3ef2de1f5e6c6869cfbb50ea700d1e0f6ed6d4c127a9504a95646ca144fa8561e31247dce6a1bbd60ce8ec8f4f8c1d9f049a72b4f6e036457462f4949cecb4847d89d331da42a842953119d1a1dd1d2f9e65284b63466214427bf0dc56a7916bd8366b7ba32a22564612911a0a5ffc635b6d4158f6d2d44805c231ada5678cd5855ab96ac38a85fd466a066aced4eccff71c1cdd25078a24325e08f4e65d370ff3a6d34d93273dffe883fd8600bf1fedfbfeb3d369b73aac1c8617d49b1b9c2a8c926545c92744928cd38eb28c92521024d5afd890e1c70b7b91e2799bc3e2e25804c32d4eee4c4d1783517a25921e82c870041c53a1500fdce5dac862efff2d56e76ffffa5e5965cd80df9894b372d5d3af425b282e8527a4345e2a1cf42b855cb6f9de75c3ef2e9329c002d05a325ecdb0c017e1318c25381ceb7d79111dd53d8e2a159a9efd792dc5ae9ed83dbc8761188e1303501bcefd57a916cc9c7e2385b113b2255377d279b32b222179a8afee5bb7728053320c38c0e6c9e54ab95c45510a008c60058de32429034b2f826e0bdc4273a74fbe713da4508cd2278f1f74fdc4f494e58be6066a87a9c706c746e9e363ae1b59548584e953c7430ac5670b93067928a7522a7ef9d086d14db514836cdfbf5633fb7a4f3975f62214c52085e2b38529e937ae7cfcc11f62281eb81765b5f78e69cfb9be51ce5cbc0c9190a443a15cad1d308a7beb82390b67cd186a1c2e20d4374f2a332da52fa28852179a38e52648a148d5ff69725a62fccf1fd8003e68d45278d80a3a153973675ffd1c169788046c1f43fa14e2df0fe96935ea171e7f84a2641c8a4576c7c30c541194bc5d19d3aa1ac7a2f8ca9c85444f08075e2aaf585fbb4c295d0c4bf736becf3ef250a83efa78dc328ca0424db5caf3b97aefdef61bf8430c8d13d450df721c8709e43ab071d915b173236588b3b53c9e2f1a9f9254525ed95e5b29310a25650b1dd6def9b995b5f53652a391535342919098041c13d8417138864cac020c95dd265400319450a8a2e548960ed1c8c8e6b6f68adaee98854eab05669a10a9789eeb0ba6f6e9ee7de6e6061ce10814515a5ac6454709fb5b34ed1cf404babf7239841a43e9ec324559ebb18efaa6c626a62aff9537fed617f6bda3be1ab6c86294b9ada52f4da1c56a7be6c597ef5c734a91954df2aed395355191a1e949f142fd16c732a6ae36001ce8a091a44cab8db0d9baec36730f8b4878448c30141a4c613ab3a278efd182c28f73f7184dd74caca1b13e69da6c48a1e8042aa6ff7fbbcc967f6cdb8e20dbaffe77c1cca95b366d14eab7c222c6d1b44ba38d00aeabd361351a5b284a1ea14f0010320c83e1042284fff0c18e2f2f550c6ef38c8df58884241d0abb5a1a87f9f6e4f922a3c91ca2d50af573c0045efd2093abc072ad27479088100c82b32dbde10d866bb75c93a428944ebfd0d4da3cccb70cc3ee3d7222802ee7e8e9826146640c8d0d904251dac291c2fceff92ecfe90c98b093078e9f1eee961bd6f0430ac7d03b691ec1585aacfb8f9d0a886b292eab68686a19ce49773aeca62e48a1f8286c1f39ce73ee81ef7c9d1b4c10ed3a30723635d348771da4700c6435768cb84d87a16bcf61b1a7b8ae69683c577cc90ddbdf0229149758dae566a2f81dbb0f08d63be438c4e9ec0d9cc53088402fef7cb6fba03b4f8a4dedd2b1851219a9b1190deebad216ebce3ddfdebbf607a3ff3186c56aebf18a1ab4d3d8732363bc4a819a7bee0182e0e263d9f424be2744ec2874b9aaf6447ea13b5b5adadb2085e292c5d0e1fec6b9fb0fdfb260b6de7d50380e6b6c057f519b1d6d6dc79adb90fe9d4bb0defcbd196618acba0e2cbc4ac98d8be64374888c028cf2eece7a413edcb1cbcd5766ec26236c91c525a72761e35c34fdc1a7b99e141286d81dc4f1337841316eb291e327e2317198568710d78732425154a9c422f4444a3aa10ec12f5711a70bf0c21244e66e64ad93f985c38c54df60fe3ba12d14973c4d4276aaa0e8f4f9e25953b3dcb586e9c90c28acb31778b389331a640b73c829330070fdb6e89e74ccd32ea6f8bce3d03eb6a51cace3352afa96053d148e6cde406f75ab27f7861552283a5be87984e777fff5d9a4f1a92a95c27d10599b0d2f29679b1a6cdb3f42b67f846943b0a81854a542500c6168ced0c1365db9d6589324b368aefb8670db97bbdb3b0dee9fbf945a64a950e879fe1943970980b865f37d1e78e29327a25d66ec4aaf73ca998cdc50286018337f26af7577b241454dfd37878e7b74fe52b28558d0520874ec4cc1213742e9f7eff9310b66b1d913809d1b662b3e2c0434c49cdbf9f4403ff5edad1f734327a81f7c2ff746a6a02df49f387694f105dfddf6594a425cff848c237a2a6cd60476623ad6d6891a4d88cd8ef03ccab23c8e2324c1ab557c4438af5579f456cd879fe60effbc6e181029a50a52281eefc43eca1d69faf77fdbfa87179e522a3cc9ab83e35cb41e1932b2a0070c9e2d2cd93bdac7392e875d1a14067506b2ab6a6eeb78e3bdff1b93896dad1d9d6fbfbf6dd43f4d3b6cd2a8024861b7f28b2efde393cffd6dbf7bccb0c5661ffd11ec7648a188e4bd55f8e6d0b1af0f1ef1e739bff5feb6eaba2bfef7c92085be9220ede9079fe69ebd70d13f27fcfe279f9f387701b64292a2905208d049e738ee7fdefdc8d865f2f5d9169694fad9ee420a03494e97abaea1a16f46a92f8c364bbbea1b9a6051f79744466ac8d1e62fbe510a999c63189e653182c2705c48fe1886ebe1bb273fa3006260966e51092705cbd425ef4184ef365a4e8ec13082c008c23bfc38001fd72f6f8f4a21cc3de3439b0d291403857d008106142c184ea038e1916904fb0283cab10c7fc3a339b94c2259142185d7d7ab5a27d4a1becfa57dbde3c232c0f2b0088262188ae13d7fb1ee7834bd2927baf344f0dde210ae1bddee6568b75d211786429c202185229242234cd005194592e47065020c1befe16b07374aa312266713215c6f18fac842d842812854abfc91d34bab1126bcac80fd1048a10052ea8409d8aaf34bf861d0f52484f0be49680bc5d5226b85e917fac7160af543303fb2b8a40a8df0723ca5b7c7a6f6138582740de56a0da45044021eab3632dafbe3e8347eb22e215aaf0142519912da429149171debfd41c24374fe395bb7f3f20ddb15964abe09e950181235cefb83e823c2fc73b6deff90500e19a450500a63e2bc3c028e6119c909fe39db0929dee6d8ee9f6208522816850f9d99d64dcd9c3c51ebaf7ee1c4f49458bd5718e9a2622185a2933e39dd9bdd651479ef9ae5fe3ce11fdd799b7714c6400a4527ad3e46a61aa5e389a2e8a60deba223c3fd79c25332d3d72e5dec0585e3208562d4e8d2a76318b679c3ed0b6f9aeaff1306d67755ce82b1ea81400a7d446196a7bbc445eb5ff8c54f72e68d59a2d7fbd7ad7cec47777b3a7c88a258585c92642a4e52d918e3b367b8bf715a621cb04373a6658f7926f90533a7ce9e927530efcc9ec379cd6d6e05620c898923280a5228468dcbcc262819e3720eb30d4910f3664c5eb6704e6a629c78ce9c2489158be72e5f34a7b0b462ef91130517cb869f55189d3e414a1527290a719202e6b0fadce0013780f3015ade25736668d4228daa01ac327059c0d2da613870fcf49153f9469379d02d6332b22085e255fadcc50328a44872f6b4ac2573674e4c0b98eebc3e3cf4876b96dfb37a697e71e9a11367cf975c1e10d12b565a14a25f96492aa39aa5a3edaf0facbc1a773f393e16c0077a5d4a4560bf87d769347d77eadce193e75adabb6316520ae5e3db0f09393f10da4261a50e8f9c347b7e9212593c7b7a426cb4342e2a2c44bb7ef912b09456d674b3886ba584a0a46c21ca733a5b5bb8b9516b6993cabb26838be178936e5c8726d6ac0893c61505b82de458454589a2a654953d21d4d94eb03df373258d60779d616898b9112c2e42d1218f7014963812c7dbd32622180e29f49fe40d558a4b05645519dbdecaf74433775e38c32d9a8944842041a5a646f6e82ed46e579cf84e89e37864149d3cde9e39cd1197025b649f9157924fd456f2ed2d1c3d484c0214c342b332b4d9694142a0a9a8c2505c36e8b4548c24d188282631cd3e31308814358598c9a0397b94aa28e13b5a0725ef46c9427411f3a692a15a09f3471b4ced79e79d46b732d3f610a977a54e34cf5cc8694321856e9c8dcb493454138d757863adccd881998cace791ecbbe7a0a424e8a64fc0a4325df75a3798a6bbf24b4d95b5a388d7882b559c36c41912cec6263260894be22919a4b0df49d8adb2e273544901515fd59d6893a208a58a311abc39264050373e593b391d402901fe40cbdb75a1dc545eed669b30a41f1012c6582d08ed42308c4e48a533a73ab366f00a5550538877b6c98fee95159fed9fdf10b4207c7bab30c7a7284d6a8276522a260bd467ff9cd365ba5869aeac635d0225d48d8842dafb25b6c07167d64cc7c2e56c5864d051883aecca835fcaf24f80db7cc057a446459b854c2903cca12a2e469399220b2827dad966349756591b9abc8f8c3372f1a29873fa5cdb2d6b79b9c2ff573a362335545991f2eb4f308bc93f3f076ad15277052ca45aa54e8e53a725e04af13ed3636d0e4b459da5ba81b6f831bb13cfc9ce1d27cb8a6cab36b832b2fd7cc97eb7853caf3c982bcf3be0f1cd2aec6da0d3a8e263948931648858bc69da68b2d53659eb9a5c43bc47e35b5bd84f8ef94b6d39b7f973b2b37f6d21cbaa776ea52e8d10db9eef9f03db37727599c16228be8ccb64727db82226521e1b41f82b484d9f18abcdd1d86e6f6a75b476b24ea79fecc048c52b3fbe1feb6cb5ac7f08f1d7d36a3fda428ed36cff5ff272f1c8778652ced8c62062332ea364a12154984ea60f037f7185f00319acdde9eaec72b67676ff351859a7cbff97e966f1d2e3b3cc776f46fc32c2e03f5ba8cadde60e823d77eb1875c89c2e5b732b5890929eb11e8220356a42ad24d54a42a322b4aaeebf004d779a2a9e67ec4ec66c654cdd0b6db531161b6db6f48f6e3d76a33e6e952fa82cd5ae7f59d7de271d0a4147505678dadd526258440402c40073059601eb3192040b4e9118580802ef090fcc3a9c607bce45b32e9aa3692f47f57c0b21e3aec72dbb708a8d8c76ccbb550a14127595c02341a4a2ab9031dfa73cd38d4f05c6d154558b4851a0e298b8642621d5a7bfe2f3561f753ad43b3f443c79e23426e93947797538aecb4ed366a505d06ba79e152fcf83ea437d9c5805f3c3cd84993c7b16c7b16ca0d4a826210e935360518b69469fb0c50baa4ff1edae00a69068aa979d3d86485528aacdea6daab4935211e9bee12d3f73145465a052a8dcf3e9683cde0069911511e1c071eebddfb42a857fc3dcf8da471eb08f72cf8e80a490ac2821eaab11e94a3be1baa9a5da8c14095f2c515f052a34f028541cfa4acab522972b12ae9be3a74888022b257cc98aefbe0e300ac9ea326f7a12a8e8fb58aaf81837578aad2f3bfa1bafb18eacbe1c4814ca4f1e1aabc2f28fd4e90983ad4c143d84a877d5fa6dc05088193bc9f21244baa2b4da41a7b690a11af095842f1c542ba8dcc0a050967fdccb87c128266a5ba88a8bf6a8a516912df4b660f99eca153f853c2f2b3a33b60d87afa54c1a123565a2b829f4ba607b2a97173b85445d25d66540a42b42a11866a629689449a552c2970f2a97a8ad143b85544981100d877827ce29a3479825a48812712612210a56902af629853c555a2848d321da7a54c48f100a4c29e2ae212a44c1526585c236ca02534834d66366a384db2314c7e5e3f4230c67c445a2d28aec36101a931154b47829242b2f09e4ca89b44596e97423bb99280a3613eb5d8489aaa2454da1681b64b93e4cc0cd0257e2a510a55d44438db44b5f16e9165e32a953082a1a54b71829241aaa114e981754c5db22478509b8d998f46b853910c70a687104a5b04eb061247136c8a45289c9dc8a038651a438470d5121abbb429cb650b8e65894cf4e48ad07796b497f25b91dc3465994145e116e1e9a289f237b049647c8fa4fc2757588c65ad1518819da51874dda773fe54988582a4c2bedd240ed3650e9e2a2b0db3511b2fb22465b48e83c8836d9372545aafd42012b5d300ac99a72411b8ec0ef178ab44516b26085aa74e16c615d252269a1388ec93d0808db3d4f59d2cff104ac746128449d76bca355da258e7b9e8f1813610a6341071f40a583aa170b85c4953aa1cb4a742d3246919e832bba24038217ab20552f0c8578eb1544eac23dcf5b21bd541783557da378286c12fd4d3b06b610139f2d14fc718098286c6b963a8412e957086f0b85a87a4128e4f1b626c91737467a1ceb11258820a0b0491414624603ea7222d2178a40dd58282ea7f733943191dc0d81201ede4b3e0240080a3bdb04bf300e15ddfb851ccdf861175f8bf541266fef0110a24516e891f6f5144ae3a983e8cc27eb8382c58c1d22b0855e9f4460d842cf330ff02c87048170afcd9020b6b02318ca7a14215085cda228ded1034387182814be451661fd8de694c4171ad917058b8db92dc42c2694f141861911d61f2305efc4173d55008097e95dbda630489ae351fac87490148e9718784da1c937e1b9c497f284f51c293152c8fac43c7b8981d7149abb44e20af8de16d21ef9bc3cc7b322a4d037058b59bac694424b17123462ad1ebcd1c95a6cc153325e1a23ef5b64df44e8a2c5f8609a31db3cd9d82a465e7cf3c4df4b0cbca510f5ce39f2a72b27c0ad61347bb0719725786c213ac63eb239885a64da64f1d1c6b04516638bccfb3815ea285b334f6ca1471bfbcf39f14dc18e658b8cd22e01c387895f2eb3272db2c91c3c25e32509de5168b722c1248ea65d9d6e75806883990d9a216bef61f08e429baf2814ed7b008e06b7a65ddbeb5bc479febe2b586f60f08a42cc67b650b4f3866c575a04dc6c0c2c96cf0a161b335b68f7d5c0ac685fae77180cac6d842137d6e6009b214126d46e971a8508cf8b34a830cf9b2f550dbf89f952b538d3dd8322e57d7662a863ac6ca12f03168a761aa5b9aa8e730de97980afc006223557be2c526f4c9248fb853d37ae48a79eb02e97f1ec907977c15760039152e8cb221dbb7ea14f8b9b10ef042853759db56290e4476025f84abc7d375f46b2f30606ef4c74300d590f50fbe90bb4d9aa9b9271351514cff1a60b978d97ca457dd23e1d79a0c788429465829642d0cd3796949bcb6ba8d010f05f97c1186cc3d402c2e0a52d0cea72477a5ec0b6b7b62150dec1808d15fe50d0160a446110f70ba10484c1bb9161c697b610c560d50aed23fbb248bd80e1ff051800df07d532efa57ac30000000049454e44ae426082),
(14, 123456, 123456, 'Acep Handika Permana KEDUA', 'aktif', 'smd', '2012-12-12', 'Laki-laki', 'Sukaasih', '', 'sw', 'sd', 'sdad', 'sd', '', 'acephandika27@gmail.com', ''),
(15, 123456, 980, 'Rizza Nur', 'aktif', 'smd', '2001-09-27', 'Laki-laki', 'Sukaasih', 'ayah', 'sw', 'sd', 'sdad', 'sd', '', 'acephandika27@gmail.com', ''),
(17, 123456789, 123456789, 'Raja', 'aktif', 'fgg', '2003-02-13', 'Laki-laki', 'fsfsd', '', '', '', '', '', '', '', ''),
(19, 32432, 3423, 'Rizza Nur F', 'aktif', 'DF', '2001-07-21', 'Laki-laki', 'Sukaasih', '', '', '', '', '', '', 'acephandika27@gmail.com', '');

-- --------------------------------------------------------

--
-- Struktur dari tabel `tahun_akademik`
--

CREATE TABLE `tahun_akademik` (
  `id_tahun` int(11) NOT NULL,
  `tahun_akademik` varchar(20) DEFAULT NULL,
  `semester` enum('Ganjil','Genap') NOT NULL,
  `status` enum('Aktif','Tidak Aktif') NOT NULL
) ENGINE=InnoDB DEFAULT CHARSET=utf8mb4 COLLATE=utf8mb4_general_ci;

--
-- Dumping data untuk tabel `tahun_akademik`
--

INSERT INTO `tahun_akademik` (`id_tahun`, `tahun_akademik`, `semester`, `status`) VALUES
(8, '2025/2026', 'Genap', 'Tidak Aktif'),
(9, '2026/2027', 'Ganjil', 'Tidak Aktif'),
(10, '2030/2031', 'Genap', 'Tidak Aktif'),
(11, '2031/2032', 'Ganjil', 'Tidak Aktif'),
(17, '2001/2001', 'Ganjil', 'Tidak Aktif'),
(18, '2030/20312', 'Ganjil', 'Aktif'),
(19, '2001/2001232', 'Ganjil', 'Tidak Aktif');

-- --------------------------------------------------------

--
-- Struktur dari tabel `tingkatan`
--

CREATE TABLE `tingkatan` (
  `kode_tingkatan` int(10) NOT NULL,
  `nama_tingkatan` varchar(50) DEFAULT NULL
) ENGINE=InnoDB DEFAULT CHARSET=utf8mb4 COLLATE=utf8mb4_general_ci;

--
-- Dumping data untuk tabel `tingkatan`
--

INSERT INTO `tingkatan` (`kode_tingkatan`, `nama_tingkatan`) VALUES
(10, 'Tingkat Kelas 10 (X)'),
(11, 'Tingkat Kelas 11 (XI)'),
(12, 'Tingkat Kelas 12 (XII)');

-- --------------------------------------------------------

--
-- Struktur dari tabel `topik`
--

CREATE TABLE `topik` (
  `id_topik` int(11) NOT NULL,
  `judul` text NOT NULL,
  `deskripsi` text DEFAULT NULL,
  `tanggal` date NOT NULL,
  `nama` varchar(30) NOT NULL,
  `enum` varchar(10) NOT NULL
) ENGINE=InnoDB DEFAULT CHARSET=utf8mb4 COLLATE=utf8mb4_general_ci;

--
-- Dumping data untuk tabel `topik`
--

INSERT INTO `topik` (`id_topik`, `judul`, `deskripsi`, `tanggal`, `nama`, `enum`) VALUES
(1, 'Ini judul', 'ini adalah deksripsinya', '2023-08-16', 'Acep Handika Permana', 'Tidak'),
(2, 'Ini judul', 'aku adalah seorang bajak laut', '1970-01-01', 'Acep Handika Permana', 'Tidak'),
(3, 'asu', 'Cape banget ga sih', '2023-08-17', 'Acep Handika Permana', 'Tidak'),
(4, 'Acep Handikaaaaaaaa', 'acep', '2023-09-11', 'Rai', 'Ya');

-- --------------------------------------------------------

--
-- Struktur dari tabel `users`
--

CREATE TABLE `users` (
  `id_users` varchar(5) NOT NULL,
  `NISN` int(11) DEFAULT NULL,
  `nama_lengkap` varchar(50) NOT NULL,
  `username` varchar(50) NOT NULL,
  `password` varchar(255) NOT NULL,
  `role` enum('Siswa','Admin','Guru','') NOT NULL,
  `NIP` int(30) DEFAULT NULL
) ENGINE=InnoDB DEFAULT CHARSET=utf8mb4 COLLATE=utf8mb4_general_ci;

--
-- Dumping data untuk tabel `users`
--

INSERT INTO `users` (`id_users`, `NISN`, `nama_lengkap`, `username`, `password`, `role`, `NIP`) VALUES
('1', 1323, 'Acep Handika Permana', 'acep', 'a5cf9e3f6cdf790abedbf182702ee683', 'Siswa', NULL),
('111', NULL, 'Acep Grandong', 'acep', '7337afaa01797ee989e3c8d9874d5b3b', 'Admin', NULL),
('1212', NULL, 'Acep Admin', 'admin', '21232f297a57a5a743894a0e4a801fc3', 'Admin', NULL),
('2', NULL, 'Rai', '34567', '77e69c137812518e359196bb2f5e9bb9', 'Guru', 34567),
('3', 123456, 'Acep Handika Permana KEDUA', '123456', 'd41d8cd98f00b204e9800998ecf8427e', 'Siswa', NULL),
('5454', 12412, 'kecap', 'kecap', 'kecap', 'Guru', NULL),
('54545', 123456789, 'raja', '123456789', '4ad35b6d5225de08a66d2c217fd20487', 'Siswa', NULL),
('6346', 980, 'rizza', '980', '4ad35b6d5225de08a66d2c217fd20487', 'Siswa', NULL),
('6347', 3423, 'Rizza Nur F', '3423', '4ad35b6d5225de08a66d2c217fd20487', 'Siswa', NULL);

-- --------------------------------------------------------

--
-- Struktur dari tabel `wali`
--

CREATE TABLE `wali` (
  `ID_Kelas` int(10) NOT NULL,
  `Nama_Kelas` varchar(124) NOT NULL,
  `Tingkatan` varchar(20) NOT NULL,
  `Jurusan` varchar(25) NOT NULL,
  `Wali_Kelas` varchar(20) NOT NULL
) ENGINE=InnoDB DEFAULT CHARSET=utf8mb4 COLLATE=utf8mb4_general_ci;

--
-- Dumping data untuk tabel `wali`
--

INSERT INTO `wali` (`ID_Kelas`, `Nama_Kelas`, `Tingkatan`, `Jurusan`, `Wali_Kelas`) VALUES
(1, '112345', 'Niken', 'Pe', 'X - DKV - A'),
(2, '0', 'Agus', 'La', 'X - RPL - A'),
(4, '0', 'Rendi', 'La', 'X - TKJ - A');

--
-- Indexes for dumped tables
--

--
-- Indeks untuk tabel `guru`
--
ALTER TABLE `guru`
  ADD PRIMARY KEY (`ID_Guru`);

--
-- Indeks untuk tabel `jurusan`
--
ALTER TABLE `jurusan`
  ADD PRIMARY KEY (`kode_jurusan`);

--
-- Indeks untuk tabel `kelas`
--
ALTER TABLE `kelas`
  ADD PRIMARY KEY (`id_kelas`),
  ADD KEY `kode_tingkatan` (`kode_tingkatan`),
  ADD KEY `kode_jurusan` (`kode_jurusan`);

--
-- Indeks untuk tabel `kelola_kelas`
--
ALTER TABLE `kelola_kelas`
  ADD PRIMARY KEY (`id_kelola_kelas`),
  ADD KEY `id_tahun` (`id_tahun`),
  ADD KEY `kode_jurusan` (`kode_jurusan`),
  ADD KEY `id_kelas` (`id_kelas`),
  ADD KEY `NISN` (`NISN`),
  ADD KEY `kode_tingkatan` (`kode_tingkatan`) USING BTREE;

--
-- Indeks untuk tabel `komentar`
--
ALTER TABLE `komentar`
  ADD PRIMARY KEY (`id_komentar`);

--
-- Indeks untuk tabel `mata_pelajaran`
--
ALTER TABLE `mata_pelajaran`
  ADD PRIMARY KEY (`id_mapel`);

--
-- Indeks untuk tabel `nilai`
--
ALTER TABLE `nilai`
  ADD PRIMARY KEY (`ID_Nilai`);

--
-- Indeks untuk tabel `semester`
--
ALTER TABLE `semester`
  ADD PRIMARY KEY (`id_semester`);

--
-- Indeks untuk tabel `siswa`
--
ALTER TABLE `siswa`
  ADD PRIMARY KEY (`ID_Siswa`),
  ADD UNIQUE KEY `NISN` (`NISN`);

--
-- Indeks untuk tabel `tahun_akademik`
--
ALTER TABLE `tahun_akademik`
  ADD PRIMARY KEY (`id_tahun`);

--
-- Indeks untuk tabel `tingkatan`
--
ALTER TABLE `tingkatan`
  ADD PRIMARY KEY (`kode_tingkatan`);

--
-- Indeks untuk tabel `topik`
--
ALTER TABLE `topik`
  ADD PRIMARY KEY (`id_topik`);

--
-- Indeks untuk tabel `users`
--
ALTER TABLE `users`
  ADD PRIMARY KEY (`id_users`),
  ADD UNIQUE KEY `NISN` (`NISN`);

--
-- Indeks untuk tabel `wali`
--
ALTER TABLE `wali`
  ADD PRIMARY KEY (`ID_Kelas`);

--
-- AUTO_INCREMENT untuk tabel yang dibuang
--

--
-- AUTO_INCREMENT untuk tabel `guru`
--
ALTER TABLE `guru`
  MODIFY `ID_Guru` int(10) NOT NULL AUTO_INCREMENT, AUTO_INCREMENT=10;

--
-- AUTO_INCREMENT untuk tabel `kelola_kelas`
--
ALTER TABLE `kelola_kelas`
  MODIFY `id_kelola_kelas` int(10) NOT NULL AUTO_INCREMENT, AUTO_INCREMENT=185;

--
-- AUTO_INCREMENT untuk tabel `komentar`
--
ALTER TABLE `komentar`
  MODIFY `id_komentar` int(11) NOT NULL AUTO_INCREMENT, AUTO_INCREMENT=3;

--
-- AUTO_INCREMENT untuk tabel `mata_pelajaran`
--
ALTER TABLE `mata_pelajaran`
  MODIFY `id_mapel` int(10) NOT NULL AUTO_INCREMENT, AUTO_INCREMENT=11;

--
-- AUTO_INCREMENT untuk tabel `nilai`
--
ALTER TABLE `nilai`
  MODIFY `ID_Nilai` int(10) NOT NULL AUTO_INCREMENT, AUTO_INCREMENT=21;

--
-- AUTO_INCREMENT untuk tabel `semester`
--
ALTER TABLE `semester`
  MODIFY `id_semester` int(11) NOT NULL AUTO_INCREMENT, AUTO_INCREMENT=3;

--
-- AUTO_INCREMENT untuk tabel `siswa`
--
ALTER TABLE `siswa`
  MODIFY `ID_Siswa` int(5) NOT NULL AUTO_INCREMENT, AUTO_INCREMENT=20;

--
-- AUTO_INCREMENT untuk tabel `tahun_akademik`
--
ALTER TABLE `tahun_akademik`
  MODIFY `id_tahun` int(11) NOT NULL AUTO_INCREMENT, AUTO_INCREMENT=20;

--
-- AUTO_INCREMENT untuk tabel `topik`
--
ALTER TABLE `topik`
  MODIFY `id_topik` int(11) NOT NULL AUTO_INCREMENT, AUTO_INCREMENT=5;

--
-- AUTO_INCREMENT untuk tabel `wali`
--
ALTER TABLE `wali`
  MODIFY `ID_Kelas` int(10) NOT NULL AUTO_INCREMENT, AUTO_INCREMENT=5;

--
-- Ketidakleluasaan untuk tabel pelimpahan (Dumped Tables)
--

--
-- Ketidakleluasaan untuk tabel `kelas`
--
ALTER TABLE `kelas`
  ADD CONSTRAINT `kelas_ibfk_1` FOREIGN KEY (`kode_tingkatan`) REFERENCES `tingkatan` (`kode_tingkatan`),
  ADD CONSTRAINT `kelas_ibfk_2` FOREIGN KEY (`kode_jurusan`) REFERENCES `jurusan` (`kode_jurusan`);

--
-- Ketidakleluasaan untuk tabel `kelola_kelas`
--
ALTER TABLE `kelola_kelas`
  ADD CONSTRAINT `kelola_kelas_ibfk_1` FOREIGN KEY (`id_tahun`) REFERENCES `tahun_akademik` (`id_tahun`),
  ADD CONSTRAINT `kelola_kelas_ibfk_2` FOREIGN KEY (`kode_jurusan`) REFERENCES `jurusan` (`kode_jurusan`),
  ADD CONSTRAINT `kelola_kelas_ibfk_3` FOREIGN KEY (`id_kelas`) REFERENCES `kelas` (`id_kelas`),
  ADD CONSTRAINT `kelola_kelas_ibfk_4` FOREIGN KEY (`NISN`) REFERENCES `siswa` (`NISN`),
  ADD CONSTRAINT `kelola_kelas_ibfk_5` FOREIGN KEY (`kode_tingkatan`) REFERENCES `tingkatan` (`kode_tingkatan`);

--
-- Ketidakleluasaan untuk tabel `users`
--
ALTER TABLE `users`
  ADD CONSTRAINT `users_ibfk_1` FOREIGN KEY (`NISN`) REFERENCES `siswa` (`NISN`);
COMMIT;

/*!40101 SET CHARACTER_SET_CLIENT=@OLD_CHARACTER_SET_CLIENT */;
/*!40101 SET CHARACTER_SET_RESULTS=@OLD_CHARACTER_SET_RESULTS */;
/*!40101 SET COLLATION_CONNECTION=@OLD_COLLATION_CONNECTION */;
